Data Set,Total Clusters Count,Non Homogenous Clusters Count,Clusters Selected by PSO,Time For PSO 1,AccAfterStage1,Total Classifiers Count,Selected Classifiers Count,Classifier,Time For PSO 2,Avg Accuracy,Std. Dev,Optimized Acc,Std. Dev,Duration
adult-income,496,449,235,9m 21s,0.863445593,1175,1175,"['DT', 'ANN', 'KNN', 'DISCR', 'NB', 'DT', 'ANN', 'KNN', 'DISCR', 'NB', 'DT', 'ANN', 'KNN', 'DISCR', 'NB', 'DT', 'ANN', 'KNN', 'DISCR', 'NB', 'DT', 'ANN', 'KNN', 'DISCR', 'NB', 'DT', 'ANN', 'KNN', 'DISCR', 'NB', 'DT', 'ANN', 'KNN', 'DISCR', 'NB', 'DT', 'ANN', 'KNN', 'DISCR', 'NB', 'DT', 'ANN', 'KNN', 'DISCR', 'NB', 'DT', 'ANN', 'KNN', 'DISCR', 'NB', 'DT', 'ANN', 'KNN', 'DISCR', 'NB', 'DT', 'ANN', 'KNN', 'DISCR', 'NB', 'DT', 'ANN', 'KNN', 'DISCR', 'NB', 'DT', 'ANN', 'KNN', 'DISCR', 'NB', 'DT', 'ANN', 'KNN', 'DISCR', 'NB', 'DT', 'ANN', 'KNN', 'DISCR', 'NB', 'DT', 'ANN', 'KNN', 'DISCR', 'NB', 'DT', 'ANN', 'KNN', 'DISCR', 'NB', 'DT', 'ANN', 'KNN', 'DISCR', 'NB', 'DT', 'ANN', 'KNN', 'DISCR', 'NB', 'DT', 'ANN', 'KNN', 'DISCR', 'NB', 'DT', 'ANN', 'KNN', 'DISCR', 'NB', 'DT', 'ANN', 'KNN', 'DISCR', 'NB', 'DT', 'ANN', 'KNN', 'DISCR', 'NB', 'DT', 'ANN', 'KNN', 'DISCR', 'NB', 'DT', 'ANN', 'KNN', 'DISCR', 'NB', 'DT', 'ANN', 'KNN', 'DISCR', 'NB', 'DT', 'ANN', 'KNN', 'DISCR', 'NB', 'DT', 'ANN', 'KNN', 'DISCR', 'NB', 'DT', 'ANN', 'KNN', 'DISCR', 'NB', 'DT', 'ANN', 'KNN', 'DISCR', 'NB', 'DT', 'ANN', 'KNN', 'DISCR', 'NB', 'DT', 'ANN', 'KNN', 'DISCR', 'NB', 'DT', 'ANN', 'KNN', 'DISCR', 'NB', 'DT', 'ANN', 'KNN', 'DISCR', 'NB', 'DT', 'ANN', 'KNN', 'DISCR', 'NB', 'DT', 'ANN', 'KNN', 'DISCR', 'NB', 'DT', 'ANN', 'KNN', 'DISCR', 'NB', 'DT', 'ANN', 'KNN', 'DISCR', 'NB', 'DT', 'ANN', 'KNN', 'DISCR', 'NB', 'DT', 'ANN', 'KNN', 'DISCR', 'NB', 'DT', 'ANN', 'KNN', 'DISCR', 'NB', 'DT', 'ANN', 'KNN', 'DISCR', 'NB', 'DT', 'ANN', 'KNN', 'DISCR', 'NB', 'DT', 'ANN', 'KNN', 'DISCR', 'NB', 'DT', 'ANN', 'KNN', 'DISCR', 'NB', 'DT', 'ANN', 'KNN', 'DISCR', 'NB', 'DT', 'ANN', 'KNN', 'DISCR', 'NB', 'DT', 'ANN', 'KNN', 'DISCR', 'NB', 'DT', 'ANN', 'KNN', 'DISCR', 'NB', 'DT', 'ANN', 'KNN', 'DISCR', 'NB', 'DT', 'ANN', 'KNN', 'DISCR', 'NB', 'DT', 'ANN', 'KNN', 'DISCR', 'NB', 'DT', 'ANN', 'KNN', 'DISCR', 'NB', 'DT', 'ANN', 'KNN', 'DISCR', 'NB', 'DT', 'ANN', 'KNN', 'DISCR', 'NB', 'DT', 'ANN', 'KNN', 'DISCR', 'NB', 'DT', 'ANN', 'KNN', 'DISCR', 'NB', 'DT', 'ANN', 'KNN', 'DISCR', 'NB', 'DT', 'ANN', 'KNN', 'DISCR', 'NB', 'DT', 'ANN', 'KNN', 'DISCR', 'NB', 'DT', 'ANN', 'KNN', 'DISCR', 'NB', 'DT', 'ANN', 'KNN', 'DISCR', 'NB', 'DT', 'ANN', 'KNN', 'DISCR', 'NB', 'DT', 'ANN', 'KNN', 'DISCR', 'NB', 'DT', 'ANN', 'KNN', 'DISCR', 'NB', 'DT', 'ANN', 'KNN', 'DISCR', 'NB', 'DT', 'ANN', 'KNN', 'DISCR', 'NB', 'DT', 'ANN', 'KNN', 'DISCR', 'NB', 'DT', 'ANN', 'KNN', 'DISCR', 'NB', 'DT', 'ANN', 'KNN', 'DISCR', 'NB', 'DT', 'ANN', 'KNN', 'DISCR', 'NB', 'DT', 'ANN', 'KNN', 'DISCR', 'NB', 'DT', 'ANN', 'KNN', 'DISCR', 'NB', 'DT', 'ANN', 'KNN', 'DISCR', 'NB', 'DT', 'ANN', 'KNN', 'DISCR', 'NB', 'DT', 'ANN', 'KNN', 'DISCR', 'NB', 'DT', 'ANN', 'KNN', 'DISCR', 'NB', 'DT', 'ANN', 'KNN', 'DISCR', 'NB', 'DT', 'ANN', 'KNN', 'DISCR', 'NB', 'DT', 'ANN', 'KNN', 'DISCR', 'NB', 'DT', 'ANN', 'KNN', 'DISCR', 'NB', 'DT', 'ANN', 'KNN', 'DISCR', 'NB', 'DT', 'ANN', 'KNN', 'DISCR', 'NB', 'DT', 'ANN', 'KNN', 'DISCR', 'NB', 'DT', 'ANN', 'KNN', 'DISCR', 'NB', 'DT', 'ANN', 'KNN', 'DISCR', 'NB', 'DT', 'ANN', 'KNN', 'DISCR', 'NB', 'DT', 'ANN', 'KNN', 'DISCR', 'NB', 'DT', 'ANN', 'KNN', 'DISCR', 'NB', 'DT', 'ANN', 'KNN', 'DISCR', 'NB', 'DT', 'ANN', 'KNN', 'DISCR', 'NB', 'DT', 'ANN', 'KNN', 'DISCR', 'NB', 'DT', 'ANN', 'KNN', 'DISCR', 'NB', 'DT', 'ANN', 'KNN', 'DISCR', 'NB', 'DT', 'ANN', 'KNN', 'DISCR', 'NB', 'DT', 'ANN', 'KNN', 'DISCR', 'NB', 'DT', 'ANN', 'KNN', 'DISCR', 'NB', 'DT', 'ANN', 'KNN', 'DISCR', 'NB', 'DT', 'ANN', 'KNN', 'DISCR', 'NB', 'DT', 'ANN', 'KNN', 'DISCR', 'NB', 'DT', 'ANN', 'KNN', 'DISCR', 'NB', 'DT', 'ANN', 'KNN', 'DISCR', 'NB', 'DT', 'ANN', 'KNN', 'DISCR', 'NB', 'DT', 'ANN', 'KNN', 'DISCR', 'NB', 'DT', 'ANN', 'KNN', 'DISCR', 'NB', 'DT', 'ANN', 'KNN', 'DISCR', 'NB', 'DT', 'ANN', 'KNN', 'DISCR', 'NB', 'DT', 'ANN', 'KNN', 'DISCR', 'NB', 'DT', 'ANN', 'KNN', 'DISCR', 'NB', 'DT', 'ANN', 'KNN', 'DISCR', 'NB', 'DT', 'ANN', 'KNN', 'DISCR', 'NB', 'DT', 'ANN', 'KNN', 'DISCR', 'NB', 'DT', 'ANN', 'KNN', 'DISCR', 'NB', 'DT', 'ANN', 'KNN', 'DISCR', 'NB', 'DT', 'ANN', 'KNN', 'DISCR', 'NB', 'DT', 'ANN', 'KNN', 'DISCR', 'NB', 'DT', 'ANN', 'KNN', 'DISCR', 'NB', 'DT', 'ANN', 'KNN', 'DISCR', 'NB', 'DT', 'ANN', 'KNN', 'DISCR', 'NB', 'DT', 'ANN', 'KNN', 'DISCR', 'NB', 'DT', 'ANN', 'KNN', 'DISCR', 'NB', 'DT', 'ANN', 'KNN', 'DISCR', 'NB', 'DT', 'ANN', 'KNN', 'DISCR', 'NB', 'DT', 'ANN', 'KNN', 'DISCR', 'NB', 'DT', 'ANN', 'KNN', 'DISCR', 'NB', 'DT', 'ANN', 'KNN', 'DISCR', 'NB', 'DT', 'ANN', 'KNN', 'DISCR', 'NB', 'DT', 'ANN', 'KNN', 'DISCR', 'NB', 'DT', 'ANN', 'KNN', 'DISCR', 'NB', 'DT', 'ANN', 'KNN', 'DISCR', 'NB', 'DT', 'ANN', 'KNN', 'DISCR', 'NB', 'DT', 'ANN', 'KNN', 'DISCR', 'NB', 'DT', 'ANN', 'KNN', 'DISCR', 'NB', 'DT', 'ANN', 'KNN', 'DISCR', 'NB', 'DT', 'ANN', 'KNN', 'DISCR', 'NB', 'DT', 'ANN', 'KNN', 'DISCR', 'NB', 'DT', 'ANN', 'KNN', 'DISCR', 'NB', 'DT', 'ANN', 'KNN', 'DISCR', 'NB', 'DT', 'ANN', 'KNN', 'DISCR', 'NB', 'DT', 'ANN', 'KNN', 'DISCR', 'NB', 'DT', 'ANN', 'KNN', 'DISCR', 'NB', 'DT', 'ANN', 'KNN', 'DISCR', 'NB', 'DT', 'ANN', 'KNN', 'DISCR', 'NB', 'DT', 'ANN', 'KNN', 'DISCR', 'NB', 'DT', 'ANN', 'KNN', 'DISCR', 'NB', 'DT', 'ANN', 'KNN', 'DISCR', 'NB', 'DT', 'ANN', 'KNN', 'DISCR', 'NB', 'DT', 'ANN', 'KNN', 'DISCR', 'NB', 'DT', 'ANN', 'KNN', 'DISCR', 'NB', 'DT', 'ANN', 'KNN', 'DISCR', 'NB', 'DT', 'ANN', 'KNN', 'DISCR', 'NB', 'DT', 'ANN', 'KNN', 'DISCR', 'NB', 'DT', 'ANN', 'KNN', 'DISCR', 'NB', 'DT', 'ANN', 'KNN', 'DISCR', 'NB', 'DT', 'ANN', 'KNN', 'DISCR', 'NB', 'DT', 'ANN', 'KNN', 'DISCR', 'NB', 'DT', 'ANN', 'KNN', 'DISCR', 'NB', 'DT', 'ANN', 'KNN', 'DISCR', 'NB', 'DT', 'ANN', 'KNN', 'DISCR', 'NB', 'DT', 'ANN', 'KNN', 'DISCR', 'NB', 'DT', 'ANN', 'KNN', 'DISCR', 'NB', 'DT', 'ANN', 'KNN', 'DISCR', 'NB', 'DT', 'ANN', 'KNN', 'DISCR', 'NB', 'DT', 'ANN', 'KNN', 'DISCR', 'NB', 'DT', 'ANN', 'KNN', 'DISCR', 'NB', 'DT', 'ANN', 'KNN', 'DISCR', 'NB', 'DT', 'ANN', 'KNN', 'DISCR', 'NB', 'DT', 'ANN', 'KNN', 'DISCR', 'NB', 'DT', 'ANN', 'KNN', 'DISCR', 'NB', 'DT', 'ANN', 'KNN', 'DISCR', 'NB', 'DT', 'ANN', 'KNN', 'DISCR', 'NB', 'DT', 'ANN', 'KNN', 'DISCR', 'NB', 'DT', 'ANN', 'KNN', 'DISCR', 'NB', 'DT', 'ANN', 'KNN', 'DISCR', 'NB', 'DT', 'ANN', 'KNN', 'DISCR', 'NB', 'DT', 'ANN', 'KNN', 'DISCR', 'NB', 'DT', 'ANN', 'KNN', 'DISCR', 'NB', 'DT', 'ANN', 'KNN', 'DISCR', 'NB', 'DT', 'ANN', 'KNN', 'DISCR', 'NB', 'DT', 'ANN', 'KNN', 'DISCR', 'NB', 'DT', 'ANN', 'KNN', 'DISCR', 'NB', 'DT', 'ANN', 'KNN', 'DISCR', 'NB', 'DT', 'ANN', 'KNN', 'DISCR', 'NB', 'DT', 'ANN', 'KNN', 'DISCR', 'NB', 'DT', 'ANN', 'KNN', 'DISCR', 'NB', 'DT', 'ANN', 'KNN', 'DISCR', 'NB', 'DT', 'ANN', 'KNN', 'DISCR', 'NB', 'DT', 'ANN', 'KNN', 'DISCR', 'NB', 'DT', 'ANN', 'KNN', 'DISCR', 'NB', 'DT', 'ANN', 'KNN', 'DISCR', 'NB', 'DT', 'ANN', 'KNN', 'DISCR', 'NB', 'DT', 'ANN', 'KNN', 'DISCR', 'NB', 'DT', 'ANN', 'KNN', 'DISCR', 'NB', 'DT', 'ANN', 'KNN', 'DISCR', 'NB', 'DT', 'ANN', 'KNN', 'DISCR', 'NB', 'DT', 'ANN', 'KNN', 'DISCR', 'NB', 'DT', 'ANN', 'KNN', 'DISCR', 'NB', 'DT', 'ANN', 'KNN', 'DISCR', 'NB', 'DT', 'ANN', 'KNN', 'DISCR', 'NB', 'DT', 'ANN', 'KNN', 'DISCR', 'NB', 'DT', 'ANN', 'KNN', 'DISCR', 'NB', 'DT', 'ANN', 'KNN', 'DISCR', 'NB', 'DT', 'ANN', 'KNN', 'DISCR', 'NB', 'DT', 'ANN', 'KNN', 'DISCR', 'NB', 'DT', 'ANN', 'KNN', 'DISCR', 'NB', 'DT', 'ANN', 'KNN', 'DISCR', 'NB', 'DT', 'ANN', 'KNN', 'DISCR', 'NB', 'DT', 'ANN', 'KNN', 'DISCR', 'NB', 'DT', 'ANN', 'KNN', 'DISCR', 'NB', 'DT', 'ANN', 'KNN', 'DISCR', 'NB', 'DT', 'ANN', 'KNN', 'DISCR', 'NB', 'DT', 'ANN', 'KNN', 'DISCR', 'NB', 'DT', 'ANN', 'KNN', 'DISCR', 'NB', 'DT', 'ANN', 'KNN', 'DISCR', 'NB', 'DT', 'ANN', 'KNN', 'DISCR', 'NB', 'DT', 'ANN', 'KNN', 'DISCR', 'NB', 'DT', 'ANN', 'KNN', 'DISCR', 'NB', 'DT', 'ANN', 'KNN', 'DISCR', 'NB', 'DT', 'ANN', 'KNN', 'DISCR', 'NB', 'DT', 'ANN', 'KNN', 'DISCR', 'NB', 'DT', 'ANN', 'KNN', 'DISCR', 'NB', 'DT', 'ANN', 'KNN', 'DISCR', 'NB', 'DT', 'ANN', 'KNN', 'DISCR', 'NB', 'DT', 'ANN', 'KNN', 'DISCR', 'NB', 'DT', 'ANN', 'KNN', 'DISCR', 'NB', 'DT', 'ANN', 'KNN', 'DISCR', 'NB', 'DT', 'ANN', 'KNN', 'DISCR', 'NB', 'DT', 'ANN', 'KNN', 'DISCR', 'NB', 'DT', 'ANN', 'KNN', 'DISCR', 'NB', 'DT', 'ANN', 'KNN', 'DISCR', 'NB', 'DT', 'ANN', 'KNN', 'DISCR', 'NB', 'DT', 'ANN', 'KNN', 'DISCR', 'NB', 'DT', 'ANN', 'KNN', 'DISCR', 'NB', 'DT', 'ANN', 'KNN', 'DISCR', 'NB']",0m 42s,0.820452452,0,0.820452452,0,43m 45s
credit-card-default,351,330,176,4m 17s,0.821666667,880,880,"['DT', 'ANN', 'KNN', 'DISCR', 'NB', 'DT', 'ANN', 'KNN', 'DISCR', 'NB', 'DT', 'ANN', 'KNN', 'DISCR', 'NB', 'DT', 'ANN', 'KNN', 'DISCR', 'NB', 'DT', 'ANN', 'KNN', 'DISCR', 'NB', 'DT', 'ANN', 'KNN', 'DISCR', 'NB', 'DT', 'ANN', 'KNN', 'DISCR', 'NB', 'DT', 'ANN', 'KNN', 'DISCR', 'NB', 'DT', 'ANN', 'KNN', 'DISCR', 'NB', 'DT', 'ANN', 'KNN', 'DISCR', 'NB', 'DT', 'ANN', 'KNN', 'DISCR', 'NB', 'DT', 'ANN', 'KNN', 'DISCR', 'NB', 'DT', 'ANN', 'KNN', 'DISCR', 'NB', 'DT', 'ANN', 'KNN', 'DISCR', 'NB', 'DT', 'ANN', 'KNN', 'DISCR', 'NB', 'DT', 'ANN', 'KNN', 'DISCR', 'NB', 'DT', 'ANN', 'KNN', 'DISCR', 'NB', 'DT', 'ANN', 'KNN', 'DISCR', 'NB', 'DT', 'ANN', 'KNN', 'DISCR', 'NB', 'DT', 'ANN', 'KNN', 'DISCR', 'NB', 'DT', 'ANN', 'KNN', 'DISCR', 'NB', 'DT', 'ANN', 'KNN', 'DISCR', 'NB', 'DT', 'ANN', 'KNN', 'DISCR', 'NB', 'DT', 'ANN', 'KNN', 'DISCR', 'NB', 'DT', 'ANN', 'KNN', 'DISCR', 'NB', 'DT', 'ANN', 'KNN', 'DISCR', 'NB', 'DT', 'ANN', 'KNN', 'DISCR', 'NB', 'DT', 'ANN', 'KNN', 'DISCR', 'NB', 'DT', 'ANN', 'KNN', 'DISCR', 'NB', 'DT', 'ANN', 'KNN', 'DISCR', 'NB', 'DT', 'ANN', 'KNN', 'DISCR', 'NB', 'DT', 'ANN', 'KNN', 'DISCR', 'NB', 'DT', 'ANN', 'KNN', 'DISCR', 'NB', 'DT', 'ANN', 'KNN', 'DISCR', 'NB', 'DT', 'ANN', 'KNN', 'DISCR', 'NB', 'DT', 'ANN', 'KNN', 'DISCR', 'NB', 'DT', 'ANN', 'KNN', 'DISCR', 'NB', 'DT', 'ANN', 'KNN', 'DISCR', 'NB', 'DT', 'ANN', 'KNN', 'DISCR', 'NB', 'DT', 'ANN', 'KNN', 'DISCR', 'NB', 'DT', 'ANN', 'KNN', 'DISCR', 'NB', 'DT', 'ANN', 'KNN', 'DISCR', 'NB', 'DT', 'ANN', 'KNN', 'DISCR', 'NB', 'DT', 'ANN', 'KNN', 'DISCR', 'NB', 'DT', 'ANN', 'KNN', 'DISCR', 'NB', 'DT', 'ANN', 'KNN', 'DISCR', 'NB', 'DT', 'ANN', 'KNN', 'DISCR', 'NB', 'DT', 'ANN', 'KNN', 'DISCR', 'NB', 'DT', 'ANN', 'KNN', 'DISCR', 'NB', 'DT', 'ANN', 'KNN', 'DISCR', 'NB', 'DT', 'ANN', 'KNN', 'DISCR', 'NB', 'DT', 'ANN', 'KNN', 'DISCR', 'NB', 'DT', 'ANN', 'KNN', 'DISCR', 'NB', 'DT', 'ANN', 'KNN', 'DISCR', 'NB', 'DT', 'ANN', 'KNN', 'DISCR', 'NB', 'DT', 'ANN', 'KNN', 'DISCR', 'NB', 'DT', 'ANN', 'KNN', 'DISCR', 'NB', 'DT', 'ANN', 'KNN', 'DISCR', 'NB', 'DT', 'ANN', 'KNN', 'DISCR', 'NB', 'DT', 'ANN', 'KNN', 'DISCR', 'NB', 'DT', 'ANN', 'KNN', 'DISCR', 'NB', 'DT', 'ANN', 'KNN', 'DISCR', 'NB', 'DT', 'ANN', 'KNN', 'DISCR', 'NB', 'DT', 'ANN', 'KNN', 'DISCR', 'NB', 'DT', 'ANN', 'KNN', 'DISCR', 'NB', 'DT', 'ANN', 'KNN', 'DISCR', 'NB', 'DT', 'ANN', 'KNN', 'DISCR', 'NB', 'DT', 'ANN', 'KNN', 'DISCR', 'NB', 'DT', 'ANN', 'KNN', 'DISCR', 'NB', 'DT', 'ANN', 'KNN', 'DISCR', 'NB', 'DT', 'ANN', 'KNN', 'DISCR', 'NB', 'DT', 'ANN', 'KNN', 'DISCR', 'NB', 'DT', 'ANN', 'KNN', 'DISCR', 'NB', 'DT', 'ANN', 'KNN', 'DISCR', 'NB', 'DT', 'ANN', 'KNN', 'DISCR', 'NB', 'DT', 'ANN', 'KNN', 'DISCR', 'NB', 'DT', 'ANN', 'KNN', 'DISCR', 'NB', 'DT', 'ANN', 'KNN', 'DISCR', 'NB', 'DT', 'ANN', 'KNN', 'DISCR', 'NB', 'DT', 'ANN', 'KNN', 'DISCR', 'NB', 'DT', 'ANN', 'KNN', 'DISCR', 'NB', 'DT', 'ANN', 'KNN', 'DISCR', 'NB', 'DT', 'ANN', 'KNN', 'DISCR', 'NB', 'DT', 'ANN', 'KNN', 'DISCR', 'NB', 'DT', 'ANN', 'KNN', 'DISCR', 'NB', 'DT', 'ANN', 'KNN', 'DISCR', 'NB', 'DT', 'ANN', 'KNN', 'DISCR', 'NB', 'DT', 'ANN', 'KNN', 'DISCR', 'NB', 'DT', 'ANN', 'KNN', 'DISCR', 'NB', 'DT', 'ANN', 'KNN', 'DISCR', 'NB', 'DT', 'ANN', 'KNN', 'DISCR', 'NB', 'DT', 'ANN', 'KNN', 'DISCR', 'NB', 'DT', 'ANN', 'KNN', 'DISCR', 'NB', 'DT', 'ANN', 'KNN', 'DISCR', 'NB', 'DT', 'ANN', 'KNN', 'DISCR', 'NB', 'DT', 'ANN', 'KNN', 'DISCR', 'NB', 'DT', 'ANN', 'KNN', 'DISCR', 'NB', 'DT', 'ANN', 'KNN', 'DISCR', 'NB', 'DT', 'ANN', 'KNN', 'DISCR', 'NB', 'DT', 'ANN', 'KNN', 'DISCR', 'NB', 'DT', 'ANN', 'KNN', 'DISCR', 'NB', 'DT', 'ANN', 'KNN', 'DISCR', 'NB', 'DT', 'ANN', 'KNN', 'DISCR', 'NB', 'DT', 'ANN', 'KNN', 'DISCR', 'NB', 'DT', 'ANN', 'KNN', 'DISCR', 'NB', 'DT', 'ANN', 'KNN', 'DISCR', 'NB', 'DT', 'ANN', 'KNN', 'DISCR', 'NB', 'DT', 'ANN', 'KNN', 'DISCR', 'NB', 'DT', 'ANN', 'KNN', 'DISCR', 'NB', 'DT', 'ANN', 'KNN', 'DISCR', 'NB', 'DT', 'ANN', 'KNN', 'DISCR', 'NB', 'DT', 'ANN', 'KNN', 'DISCR', 'NB', 'DT', 'ANN', 'KNN', 'DISCR', 'NB', 'DT', 'ANN', 'KNN', 'DISCR', 'NB', 'DT', 'ANN', 'KNN', 'DISCR', 'NB', 'DT', 'ANN', 'KNN', 'DISCR', 'NB', 'DT', 'ANN', 'KNN', 'DISCR', 'NB', 'DT', 'ANN', 'KNN', 'DISCR', 'NB', 'DT', 'ANN', 'KNN', 'DISCR', 'NB', 'DT', 'ANN', 'KNN', 'DISCR', 'NB', 'DT', 'ANN', 'KNN', 'DISCR', 'NB', 'DT', 'ANN', 'KNN', 'DISCR', 'NB', 'DT', 'ANN', 'KNN', 'DISCR', 'NB', 'DT', 'ANN', 'KNN', 'DISCR', 'NB', 'DT', 'ANN', 'KNN', 'DISCR', 'NB', 'DT', 'ANN', 'KNN', 'DISCR', 'NB', 'DT', 'ANN', 'KNN', 'DISCR', 'NB', 'DT', 'ANN', 'KNN', 'DISCR', 'NB', 'DT', 'ANN', 'KNN', 'DISCR', 'NB', 'DT', 'ANN', 'KNN', 'DISCR', 'NB', 'DT', 'ANN', 'KNN', 'DISCR', 'NB', 'DT', 'ANN', 'KNN', 'DISCR', 'NB', 'DT', 'ANN', 'KNN', 'DISCR', 'NB', 'DT', 'ANN', 'KNN', 'DISCR', 'NB', 'DT', 'ANN', 'KNN', 'DISCR', 'NB', 'DT', 'ANN', 'KNN', 'DISCR', 'NB', 'DT', 'ANN', 'KNN', 'DISCR', 'NB', 'DT', 'ANN', 'KNN', 'DISCR', 'NB', 'DT', 'ANN', 'KNN', 'DISCR', 'NB', 'DT', 'ANN', 'KNN', 'DISCR', 'NB', 'DT', 'ANN', 'KNN', 'DISCR', 'NB', 'DT', 'ANN', 'KNN', 'DISCR', 'NB', 'DT', 'ANN', 'KNN', 'DISCR', 'NB', 'DT', 'ANN', 'KNN', 'DISCR', 'NB', 'DT', 'ANN', 'KNN', 'DISCR', 'NB', 'DT', 'ANN', 'KNN', 'DISCR', 'NB', 'DT', 'ANN', 'KNN', 'DISCR', 'NB', 'DT', 'ANN', 'KNN', 'DISCR', 'NB', 'DT', 'ANN', 'KNN', 'DISCR', 'NB', 'DT', 'ANN', 'KNN', 'DISCR', 'NB', 'DT', 'ANN', 'KNN', 'DISCR', 'NB', 'DT', 'ANN', 'KNN', 'DISCR', 'NB', 'DT', 'ANN', 'KNN', 'DISCR', 'NB', 'DT', 'ANN', 'KNN', 'DISCR', 'NB', 'DT', 'ANN', 'KNN', 'DISCR', 'NB', 'DT', 'ANN', 'KNN', 'DISCR', 'NB', 'DT', 'ANN', 'KNN', 'DISCR', 'NB', 'DT', 'ANN', 'KNN', 'DISCR', 'NB', 'DT', 'ANN', 'KNN', 'DISCR', 'NB', 'DT', 'ANN', 'KNN', 'DISCR', 'NB', 'DT', 'ANN', 'KNN', 'DISCR', 'NB', 'DT', 'ANN', 'KNN', 'DISCR', 'NB', 'DT', 'ANN', 'KNN', 'DISCR', 'NB', 'DT', 'ANN', 'KNN', 'DISCR', 'NB', 'DT', 'ANN', 'KNN', 'DISCR', 'NB', 'DT', 'ANN', 'KNN', 'DISCR', 'NB', 'DT', 'ANN', 'KNN', 'DISCR', 'NB', 'DT', 'ANN', 'KNN', 'DISCR', 'NB', 'DT', 'ANN', 'KNN', 'DISCR', 'NB', 'DT', 'ANN', 'KNN', 'DISCR', 'NB', 'DT', 'ANN', 'KNN', 'DISCR', 'NB', 'DT', 'ANN', 'KNN', 'DISCR', 'NB', 'DT', 'ANN', 'KNN', 'DISCR', 'NB', 'DT', 'ANN', 'KNN', 'DISCR', 'NB', 'DT', 'ANN', 'KNN', 'DISCR', 'NB', 'DT', 'ANN', 'KNN', 'DISCR', 'NB']",0m 23s,0.782666667,0,0.782666667,0,21m 12s
bank-marketing,465,440,228,8m 49s,0.891297136,1137,1137,"['DT', 'ANN', 'KNN', 'DISCR', 'NB', 'DT', 'ANN', 'KNN', 'DISCR', 'NB', 'DT', 'ANN', 'KNN', 'DISCR', 'NB', 'DT', 'ANN', 'KNN', 'DISCR', 'NB', 'DT', 'ANN', 'KNN', 'DISCR', 'NB', 'DT', 'ANN', 'KNN', 'DISCR', 'NB', 'DT', 'ANN', 'KNN', 'DISCR', 'NB', 'DT', 'ANN', 'KNN', 'DISCR', 'NB', 'DT', 'ANN', 'KNN', 'DISCR', 'NB', 'DT', 'ANN', 'KNN', 'DISCR', 'NB', 'DT', 'ANN', 'KNN', 'DISCR', 'NB', 'DT', 'ANN', 'KNN', 'DISCR', 'NB', 'DT', 'ANN', 'KNN', 'DISCR', 'NB', 'DT', 'ANN', 'KNN', 'DISCR', 'NB', 'DT', 'ANN', 'KNN', 'DISCR', 'NB', 'DT', 'ANN', 'KNN', 'DISCR', 'NB', 'DT', 'ANN', 'KNN', 'DISCR', 'NB', 'DT', 'ANN', 'KNN', 'DISCR', 'NB', 'DT', 'ANN', 'KNN', 'DISCR', 'NB', 'DT', 'ANN', 'KNN', 'DISCR', 'NB', 'DT', 'ANN', 'KNN', 'DISCR', 'NB', 'DT', 'ANN', 'KNN', 'DISCR', 'NB', 'DT', 'ANN', 'KNN', 'DISCR', 'NB', 'DT', 'ANN', 'KNN', 'DISCR', 'NB', 'DT', 'ANN', 'KNN', 'DISCR', 'NB', 'DT', 'ANN', 'KNN', 'DISCR', 'NB', 'DT', 'ANN', 'KNN', 'DISCR', 'NB', 'DT', 'ANN', 'KNN', 'DISCR', 'NB', 'DT', 'ANN', 'KNN', 'DISCR', 'NB', 'DT', 'ANN', 'KNN', 'DISCR', 'NB', 'DT', 'ANN', 'KNN', 'DISCR', 'NB', 'DT', 'ANN', 'KNN', 'DISCR', 'NB', 'DT', 'ANN', 'KNN', 'DISCR', 'NB', 'DT', 'ANN', 'KNN', 'DISCR', 'NB', 'DT', 'ANN', 'KNN', 'DISCR', 'NB', 'DT', 'ANN', 'KNN', 'DISCR', 'NB', 'DT', 'ANN', 'KNN', 'DISCR', 'NB', 'DT', 'ANN', 'KNN', 'DISCR', 'NB', 'DT', 'ANN', 'KNN', 'DISCR', 'NB', 'DT', 'ANN', 'KNN', 'DISCR', 'NB', 'DT', 'ANN', 'KNN', 'DISCR', 'NB', 'DT', 'ANN', 'KNN', 'DISCR', 'NB', 'DT', 'ANN', 'KNN', 'DISCR', 'NB', 'DT', 'ANN', 'KNN', 'DISCR', 'NB', 'DT', 'ANN', 'KNN', 'DISCR', 'NB', 'DT', 'ANN', 'KNN', 'DISCR', 'NB', 'DT', 'ANN', 'KNN', 'DISCR', 'NB', 'DT', 'ANN', 'KNN', 'DISCR', 'NB', 'DT', 'ANN', 'KNN', 'DISCR', 'NB', 'DT', 'ANN', 'KNN', 'DISCR', 'NB', 'DT', 'ANN', 'KNN', 'DISCR', 'NB', 'DT', 'ANN', 'KNN', 'DISCR', 'NB', 'DT', 'ANN', 'KNN', 'DISCR', 'NB', 'DT', 'ANN', 'KNN', 'DISCR', 'NB', 'DT', 'ANN', 'KNN', 'DISCR', 'NB', 'DT', 'ANN', 'KNN', 'DISCR', 'NB', 'DT', 'ANN', 'KNN', 'DISCR', 'NB', 'DT', 'ANN', 'KNN', 'DISCR', 'NB', 'DT', 'ANN', 'KNN', 'DISCR', 'NB', 'DT', 'ANN', 'KNN', 'DISCR', 'NB', 'DT', 'ANN', 'KNN', 'DISCR', 'NB', 'DT', 'ANN', 'KNN', 'DISCR', 'NB', 'DT', 'ANN', 'KNN', 'DISCR', 'NB', 'DT', 'ANN', 'KNN', 'DISCR', 'NB', 'DT', 'ANN', 'KNN', 'DISCR', 'NB', 'DT', 'ANN', 'KNN', 'DISCR', 'NB', 'DT', 'ANN', 'KNN', 'DISCR', 'NB', 'DT', 'ANN', 'KNN', 'DISCR', 'NB', 'DT', 'ANN', 'KNN', 'DISCR', 'NB', 'DT', 'ANN', 'KNN', 'DISCR', 'NB', 'DT', 'ANN', 'KNN', 'DISCR', 'NB', 'DT', 'ANN', 'KNN', 'DISCR', 'NB', 'DT', 'ANN', 'KNN', 'DISCR', 'NB', 'DT', 'ANN', 'KNN', 'DISCR', 'NB', 'DT', 'ANN', 'KNN', 'DISCR', 'NB', 'DT', 'ANN', 'KNN', 'DISCR', 'NB', 'DT', 'ANN', 'KNN', 'DISCR', 'NB', 'DT', 'ANN', 'KNN', 'DISCR', 'NB', 'DT', 'ANN', 'KNN', 'DISCR', 'NB', 'DT', 'ANN', 'KNN', 'DISCR', 'NB', 'DT', 'ANN', 'KNN', 'DISCR', 'NB', 'DT', 'ANN', 'KNN', 'DISCR', 'NB', 'DT', 'ANN', 'KNN', 'DISCR', 'NB', 'DT', 'ANN', 'KNN', 'DISCR', 'NB', 'DT', 'ANN', 'KNN', 'DISCR', 'NB', 'DT', 'ANN', 'KNN', 'DISCR', 'NB', 'DT', 'ANN', 'KNN', 'DISCR', 'NB', 'DT', 'ANN', 'KNN', 'DISCR', 'NB', 'DT', 'ANN', 'KNN', 'DISCR', 'NB', 'DT', 'ANN', 'KNN', 'DISCR', 'NB', 'DT', 'ANN', 'KNN', 'DISCR', 'NB', 'DT', 'ANN', 'KNN', 'DISCR', 'NB', 'DT', 'ANN', 'KNN', 'DISCR', 'NB', 'DT', 'ANN', 'KNN', 'DISCR', 'NB', 'DT', 'ANN', 'KNN', 'DISCR', 'NB', 'DT', 'ANN', 'KNN', 'NB', 'DT', 'ANN', 'KNN', 'DISCR', 'NB', 'DT', 'ANN', 'KNN', 'DISCR', 'NB', 'DT', 'ANN', 'KNN', 'DISCR', 'NB', 'DT', 'ANN', 'KNN', 'DISCR', 'NB', 'DT', 'ANN', 'KNN', 'DISCR', 'NB', 'DT', 'ANN', 'KNN', 'DISCR', 'NB', 'DT', 'ANN', 'KNN', 'DISCR', 'NB', 'DT', 'ANN', 'KNN', 'DISCR', 'NB', 'DT', 'ANN', 'KNN', 'DISCR', 'NB', 'DT', 'ANN', 'KNN', 'DISCR', 'NB', 'DT', 'ANN', 'KNN', 'DISCR', 'NB', 'DT', 'ANN', 'KNN', 'DISCR', 'NB', 'DT', 'ANN', 'KNN', 'NB', 'DT', 'ANN', 'KNN', 'DISCR', 'NB', 'DT', 'ANN', 'KNN', 'DISCR', 'NB', 'DT', 'ANN', 'KNN', 'DISCR', 'NB', 'DT', 'ANN', 'KNN', 'DISCR', 'NB', 'DT', 'ANN', 'KNN', 'DISCR', 'NB', 'DT', 'ANN', 'KNN', 'DISCR', 'NB', 'DT', 'ANN', 'KNN', 'DISCR', 'NB', 'DT', 'ANN', 'KNN', 'DISCR', 'NB', 'DT', 'ANN', 'KNN', 'DISCR', 'NB', 'DT', 'ANN', 'KNN', 'DISCR', 'NB', 'DT', 'ANN', 'KNN', 'DISCR', 'NB', 'DT', 'ANN', 'KNN', 'DISCR', 'NB', 'DT', 'ANN', 'KNN', 'DISCR', 'NB', 'DT', 'ANN', 'KNN', 'DISCR', 'NB', 'DT', 'ANN', 'KNN', 'DISCR', 'NB', 'DT', 'ANN', 'KNN', 'DISCR', 'NB', 'DT', 'ANN', 'KNN', 'DISCR', 'NB', 'DT', 'ANN', 'KNN', 'DISCR', 'NB', 'DT', 'ANN', 'KNN', 'DISCR', 'NB', 'DT', 'ANN', 'KNN', 'DISCR', 'NB', 'DT', 'ANN', 'KNN', 'DISCR', 'NB', 'DT', 'ANN', 'KNN', 'DISCR', 'NB', 'DT', 'ANN', 'KNN', 'DISCR', 'NB', 'DT', 'ANN', 'KNN', 'DISCR', 'NB', 'DT', 'ANN', 'KNN', 'DISCR', 'NB', 'DT', 'ANN', 'KNN', 'DISCR', 'NB', 'DT', 'ANN', 'KNN', 'DISCR', 'NB', 'DT', 'ANN', 'KNN', 'DISCR', 'NB', 'DT', 'ANN', 'KNN', 'DISCR', 'NB', 'DT', 'ANN', 'KNN', 'DISCR', 'NB', 'DT', 'ANN', 'KNN', 'DISCR', 'NB', 'DT', 'ANN', 'KNN', 'DISCR', 'NB', 'DT', 'ANN', 'KNN', 'DISCR', 'NB', 'DT', 'ANN', 'KNN', 'DISCR', 'NB', 'DT', 'ANN', 'KNN', 'DISCR', 'NB', 'DT', 'ANN', 'KNN', 'DISCR', 'NB', 'DT', 'ANN', 'KNN', 'DISCR', 'NB', 'DT', 'ANN', 'KNN', 'DISCR', 'NB', 'DT', 'ANN', 'KNN', 'DISCR', 'NB', 'DT', 'ANN', 'KNN', 'DISCR', 'NB', 'DT', 'ANN', 'KNN', 'DISCR', 'NB', 'DT', 'ANN', 'KNN', 'DISCR', 'NB', 'DT', 'ANN', 'KNN', 'DISCR', 'NB', 'DT', 'ANN', 'KNN', 'DISCR', 'NB', 'DT', 'ANN', 'KNN', 'DISCR', 'NB', 'DT', 'ANN', 'KNN', 'DISCR', 'NB', 'DT', 'ANN', 'KNN', 'DISCR', 'NB', 'DT', 'ANN', 'KNN', 'DISCR', 'NB', 'DT', 'ANN', 'KNN', 'DISCR', 'NB', 'DT', 'ANN', 'KNN', 'DISCR', 'NB', 'DT', 'ANN', 'KNN', 'DISCR', 'NB', 'DT', 'ANN', 'KNN', 'DISCR', 'NB', 'DT', 'ANN', 'KNN', 'DISCR', 'NB', 'DT', 'ANN', 'KNN', 'DISCR', 'NB', 'DT', 'ANN', 'KNN', 'DISCR', 'NB', 'DT', 'ANN', 'KNN', 'DISCR', 'NB', 'DT', 'ANN', 'KNN', 'DISCR', 'NB', 'DT', 'ANN', 'KNN', 'DISCR', 'NB', 'DT', 'ANN', 'KNN', 'DISCR', 'NB', 'DT', 'ANN', 'KNN', 'DISCR', 'NB', 'DT', 'ANN', 'KNN', 'DISCR', 'NB', 'DT', 'ANN', 'KNN', 'DISCR', 'NB', 'DT', 'ANN', 'KNN', 'DISCR', 'NB', 'DT', 'ANN', 'KNN', 'DISCR', 'NB', 'DT', 'ANN', 'KNN', 'DISCR', 'NB', 'DT', 'ANN', 'KNN', 'DISCR', 'NB', 'DT', 'ANN', 'KNN', 'DISCR', 'NB', 'DT', 'ANN', 'KNN', 'DISCR', 'NB', 'DT', 'ANN', 'KNN', 'DISCR', 'NB', 'DT', 'ANN', 'KNN', 'DISCR', 'NB', 'DT', 'ANN', 'KNN', 'DISCR', 'NB', 'DT', 'ANN', 'KNN', 'DISCR', 'NB', 'DT', 'ANN', 'KNN', 'DISCR', 'NB', 'DT', 'ANN', 'KNN', 'DISCR', 'NB', 'DT', 'ANN', 'KNN', 'DISCR', 'NB', 'DT', 'ANN', 'KNN', 'DISCR', 'NB', 'DT', 'ANN', 'KNN', 'DISCR', 'NB', 'DT', 'ANN', 'KNN', 'DISCR', 'NB', 'DT', 'ANN', 'KNN', 'DISCR', 'NB', 'DT', 'ANN', 'KNN', 'DISCR', 'NB', 'DT', 'ANN', 'KNN', 'DISCR', 'NB', 'DT', 'ANN', 'KNN', 'DISCR', 'NB', 'DT', 'ANN', 'KNN', 'DISCR', 'NB', 'DT', 'ANN', 'KNN', 'DISCR', 'NB', 'DT', 'ANN', 'KNN', 'DISCR', 'NB', 'DT', 'ANN', 'KNN', 'DISCR', 'NB', 'DT', 'ANN', 'KNN', 'DISCR', 'NB', 'DT', 'ANN', 'KNN', 'DISCR', 'NB', 'DT', 'ANN', 'KNN', 'DISCR', 'NB', 'DT', 'ANN', 'KNN', 'DISCR', 'NB', 'DT', 'ANN', 'KNN', 'DISCR', 'NB', 'DT', 'ANN', 'KNN', 'DISCR', 'NB', 'DT', 'ANN', 'KNN', 'DISCR', 'NB', 'DT', 'ANN', 'KNN', 'DISCR', 'NB', 'DT', 'ANN', 'KNN', 'NB', 'DT', 'ANN', 'KNN', 'DISCR', 'NB', 'DT', 'ANN', 'KNN', 'DISCR', 'NB', 'DT', 'ANN', 'KNN', 'DISCR', 'NB', 'DT', 'ANN', 'KNN', 'DISCR', 'NB', 'DT', 'ANN', 'KNN', 'DISCR', 'NB', 'DT', 'ANN', 'KNN', 'DISCR', 'NB', 'DT', 'ANN', 'KNN', 'DISCR', 'NB', 'DT', 'ANN', 'KNN', 'DISCR', 'NB', 'DT', 'ANN', 'KNN', 'DISCR', 'NB', 'DT', 'ANN', 'KNN', 'DISCR', 'NB', 'DT', 'ANN', 'KNN', 'DISCR', 'NB', 'DT', 'ANN', 'KNN', 'DISCR', 'NB', 'DT', 'ANN', 'KNN', 'DISCR', 'NB', 'DT', 'ANN', 'KNN', 'DISCR', 'NB', 'DT', 'ANN', 'KNN', 'DISCR', 'NB', 'DT', 'ANN', 'KNN', 'DISCR', 'NB', 'DT', 'ANN', 'KNN', 'DISCR', 'NB', 'DT', 'ANN', 'KNN', 'DISCR', 'NB', 'DT', 'ANN', 'KNN', 'DISCR', 'NB', 'DT', 'ANN', 'KNN', 'DISCR', 'NB', 'DT', 'ANN', 'KNN', 'DISCR', 'NB', 'DT', 'ANN', 'KNN', 'DISCR', 'NB', 'DT', 'ANN', 'KNN', 'DISCR', 'NB', 'DT', 'ANN', 'KNN', 'DISCR', 'NB']",1m 7s,0.886099746,0,0.886099746,0,34m 20s
,,,,,,,,,,,,,,
,,,,,,,,,,,,,,
,,,,,,,,,,,,,,
,,,,,,,,,,,,,,
,,,,,,,,,,,,,,
p_name: adult-income,,,,,,,,,,,,,,
adult-income,,,,,,,,,,,,,,
totalClustersCount: 496  selectedClusterCount: 449,,,,,,,,,,,,,,
Applying PSO on Clusters at:  2025-02-14 18:52:44.065623,,,,,,,,,,,,,,
"2025-02-14 18:52:48,713 - pyswarms.discrete.binary - INFO - Optimize for 100 iters with {'c1': 0.5, 'c2': 0.5, 'w': 0.9, 'k': 5, 'p': 1}",,,,,,,,,,,,,,
"pyswarms.discrete.binary: 100%|????????????????????????????????????????????????????????????????????????????????????????????????????????????|100/100, best_cost=0.144",,,,,,,,,,,,,,
"2025-02-14 19:02:05,684 - pyswarms.discrete.binary - INFO - Optimization finished | best cost: 0.14443648275156107, best pos: [1 0 0 1 0 1 1 1 1 0 0 0 1 1 0 1 1 0 1 0 1 0 0 0 0 0 1 1 1 1 0 1 1 0 1 1 1",,,,,,,,,,,,,,
 1 0 0 0 0 1 0 0 0 1 1 1 0 1 1 0 1 0 1 1 1 0 1 1 1 0 1 1 0 1 0 1 0 1 0 0 1,,,,,,,,,,,,,,
 0 0 1 0 1 1 0 0 0 0 1 0 1 0 0 1 0 0 1 1 1 0 1 1 0 1 1 1 1 0 1 0 1 0 1 1 1,,,,,,,,,,,,,,
 1 0 1 0 0 0 1 1 1 1 1 0 0 0 0 0 1 1 0 1 0 1 1 0 1 0 0 1 1 0 1 1 1 1 1 1 0,,,,,,,,,,,,,,
 0 1 1 1 1 1 0 1 0 1 1 1 0 0 1 0 1 0 1 0 1 0 1 0 1 0 1 1 1 0 0 1 0 0 0 0 0,,,,,,,,,,,,,,
 1 0 0 1 1 1 0 0 1 1 1 0 0 0 0 1 0 0 1 0 0 0 1 0 1 0 0 0 1 0 1 0 0 1 1 0 0,,,,,,,,,,,,,,
 0 1 0 0 1 1 1 1 0 1 0 0 1 0 0 0 0 1 0 0 1 1 1 1 0 1 0 1 1 0 0 1 0 1 1 1 0,,,,,,,,,,,,,,
 1 1 0 0 1 0 0 1 1 0 0 0 1 0 1 0 1 0 1 0 0 1 0 0 0 0 1 0 1 1 1 1 1 0 0 0 1,,,,,,,,,,,,,,
 1 0 0 0 1 1 1 1 0 0 1 1 0 1 0 1 0 1 1 1 1 1 1 0 1 0 0 1 1 1 0 1 1 1 1 1 0,,,,,,,,,,,,,,
 1 0 1 1 0 1 1 1 0 0 0 1 0 0 1 0 1 1 1 1 0 0 0 1 1 1 1 0 0 1 1 1 0 1 1 0 1,,,,,,,,,,,,,,
 1 0 0 0 0 0 0 0 1 1 0 0 0 1 0 0 0 1 1 0 1 0 1 1 1 1 0 1 1 1 1 0 0 0 0 0 0,,,,,,,,,,,,,,
 0 1 0 0 1 0 1 0 1 1 0 1 0 1 0 1 0 1 0 0 0 1 0 1 1 1 0 0 1 1 1 1 1 0 0 0 1,,,,,,,,,,,,,,
 1 1 0 0 1],,,,,,,,,,,,,,
PSO completed at:  2025-02-14 19:02:05.702530,,,,,,,,,,,,,,
Accuracy after Stage 1: 0.8634455932029891,,,,,,,,,,,,,,
Cluster selection completed,,,,,,,,,,,,,,
"2025-02-14 19:02:51,286 - pyswarms.discrete.binary - INFO - Optimize for 100 iters with {'c1': 0.5, 'c2': 0.5, 'w': 0.9, 'k': 5, 'p': 1}",,,,,,,,,,,,,,
"pyswarms.discrete.binary: 100%|????????????????????????????????????????????????????????????????????????????????????????????????????????????|100/100, best_cost=0.247 ",,,,,,,,,,,,,,
"2025-02-14 19:30:38,392 - pyswarms.discrete.binary - INFO - Optimization finished | best cost: 0.24690347016071246, best pos: [1 1 1 ... 1 1 1]",,,,,,,,,,,,,,
Classifier selection completed,,,,,,,,,,,,,,
F1 Score: 0.784450840709749,,,,,,,,,,,,,,
Precision: 0.8244919445469635,,,,,,,,,,,,,,
Recall: 0.8204524516327157,,,,,,,,,,,,,,
Accuracy: 0.8204524516327157,,,,,,,,,,,,,,
F1 Score: 0.784450840709749,,,,,,,,,,,,,,
Precision: 0.8244919445469635,,,,,,,,,,,,,,
Recall: 0.8204524516327157,,,,,,,,,,,,,,
Accuracy: 0.8204524516327157,,,,,,,,,,,,,,
p_name: credit-card-default,,,,,,,,,,,,,,
credit-card-default,,,,,,,,,,,,,,
totalClustersCount: 351  selectedClusterCount: 330,,,,,,,,,,,,,,
Applying PSO on Clusters at:  2025-02-14 20:00:08.669032,,,,,,,,,,,,,,
"2025-02-14 20:00:17,705 - pyswarms.discrete.binary - INFO - Optimize for 100 iters with {'c1': 0.5, 'c2': 0.5, 'w': 0.9, 'k': 5, 'p': 1}",,,,,,,,,,,,,,
"pyswarms.discrete.binary: 100%|????????????????????????????????????????????????????????????????????????????????????????????????????????????|100/100, best_cost=0.177 ",,,,,,,,,,,,,,
"2025-02-14 20:04:26,556 - pyswarms.discrete.binary - INFO - Optimization finished | best cost: 0.17666666666666664, best pos: [0 0 1 1 0 0 1 0 0 1 1 1 1 0 0 1 0 1 0 0 0 1 1 1 1 1 1 0 0 1 1 0 1 1 0 1 0",,,,,,,,,,,,,,
 1 0 1 1 0 1 0 1 1 0 1 1 0 0 0 1 0 1 0 1 0 1 1 1 0 0 1 1 0 1 1 0 1 0 0 0 0,,,,,,,,,,,,,,
 0 0 1 1 0 0 1 1 0 1 0 0 0 0 1 0 0 1 0 1 1 0 1 0 0 0 0 0 1 0 1 0 1 1 0 0 0,,,,,,,,,,,,,,
 0 1 1 0 1 0 0 0 1 1 0 1 1 1 1 1 1 1 1 1 1 1 0 1 0 1 0 1 1 1 1 1 0 1 0 1 0,,,,,,,,,,,,,,
 1 1 1 0 0 1 0 0 1 1 1 0 0 1 1 1 0 1 0 1 0 1 0 1 1 0 1 0 1 1 1 0 0 1 1 0 1,,,,,,,,,,,,,,
 1 1 0 1 1 1 0 1 0 1 0 0 1 1 1 1 0 1 1 0 0 0 0 0 1 1 0 1 1 0 0 0 0 0 0 0 1,,,,,,,,,,,,,,
 1 0 1 0 0 1 0 0 0 0 0 0 1 1 0 1 1 1 0 1 1 0 1 1 1 0 1 1 1 1 1 0 1 1 1 0 1,,,,,,,,,,,,,,
 0 0 1 0 0 0 1 0 1 0 0 1 1 0 1 1 0 1 0 0 0 1 1 0 0 1 1 1 0 1 0 1 0 1 0 0 0,,,,,,,,,,,,,,
 1 1 0 0 0 1 0 0 1 1 0 0 0 1 1 1 1 1 0 1 1 1 1 1 1 0 0 1 0 1 0 1 0 1],,,,,,,,,,,,,,
PSO completed at:  2025-02-14 20:04:26.562187,,,,,,,,,,,,,,
Accuracy after Stage 1: 0.8216666666666667,,,,,,,,,,,,,,
Cluster selection completed,,,,,,,,,,,,,,
"2025-02-14 20:04:54,613 - pyswarms.discrete.binary - INFO - Optimize for 100 iters with {'c1': 0.5, 'c2': 0.5, 'w': 0.9, 'k': 5, 'p': 1}",,,,,,,,,,,,,,
"pyswarms.discrete.binary: 100%|????????????????????????????????????????????????????????????????????????????????????????????????????????????|100/100, best_cost=0.219 ",,,,,,,,,,,,,,
"2025-02-14 20:19:18,048 - pyswarms.discrete.binary - INFO - Optimization finished | best cost: 0.21933333333333338, best pos: [1 1 1 1 1 1 1 1 1 1 1 1 1 1 1 1 1 1 1 1 1 1 1 1 1 1 1 1 1 1 1 1 1 1 1 1 1",,,,,,,,,,,,,,
 1 1 1 1 1 1 1 1 1 1 1 1 1 1 1 1 1 1 1 1 1 1 1 1 1 1 1 1 1 1 1 1 1 1 1 1 1,,,,,,,,,,,,,,
 1 1 1 1 1 1 1 1 1 1 1 1 1 1 1 1 1 1 1 1 1 1 1 1 1 1 1 1 1 1 1 1 1 1 1 1 1,,,,,,,,,,,,,,
 1 1 1 1 1 1 1 1 1 1 1 1 1 1 1 1 1 1 1 1 1 1 1 1 1 1 1 1 1 1 1 1 1 1 1 1 1,,,,,,,,,,,,,,
 1 1 1 1 1 1 1 1 1 1 1 1 1 1 1 1 1 1 1 1 1 1 1 1 1 1 1 1 1 1 1 1 1 1 1 1 1,,,,,,,,,,,,,,
 1 1 1 1 1 1 1 1 1 1 1 1 1 1 1 1 1 1 1 1 1 1 1 1 1 1 1 1 1 1 1 1 1 1 1 1 1,,,,,,,,,,,,,,
 1 1 1 1 1 1 1 1 1 1 1 1 1 1 1 1 1 1 1 1 1 1 1 1 1 1 1 1 1 1 1 1 1 1 1 1 1,,,,,,,,,,,,,,
 1 1 1 1 1 1 1 1 1 1 1 1 1 1 1 1 1 1 1 1 1 1 1 1 1 1 1 1 1 1 1 1 1 1 1 1 1,,,,,,,,,,,,,,
 1 1 1 1 1 1 1 1 1 1 1 1 1 1 1 1 1 1 1 1 1 1 1 1 1 1 1 1 1 1 1 1 1 1 1 1 1,,,,,,,,,,,,,,
 1 1 1 1 1 1 1 1 1 1 1 1 1 1 1 1 1 1 1 1 1 1 1 1 1 1 1 1 1 1 1 1 1 1 1 1 1,,,,,,,,,,,,,,
 1 1 1 1 1 1 1 1 1 1 1 1 1 1 1 1 1 1 1 1 1 1 1 1 1 1 1 1 1 1 1 1 1 1 1 1 1,,,,,,,,,,,,,,
 1 1 1 1 1 1 1 1 1 1 1 1 1 1 1 1 1 1 1 1 1 1 1 1 1 1 1 1 1 1 1 1 1 1 1 1 1,,,,,,,,,,,,,,
 1 1 1 1 1 1 1 1 1 1 1 1 1 1 1 1 1 1 1 1 1 1 1 1 1 1 1 1 1 1 1 1 1 1 1 1 1,,,,,,,,,,,,,,
 1 1 1 1 1 1 1 1 1 1 1 1 1 1 1 1 1 1 1 1 1 1 1 1 1 1 1 1 1 1 1 1 1 1 1 1 1,,,,,,,,,,,,,,
 1 1 1 1 1 1 1 1 1 1 1 1 1 1 1 1 1 1 1 1 1 1 1 1 1 1 1 1 1 1 1 1 1 1 1 1 1,,,,,,,,,,,,,,
 1 1 1 1 1 1 1 1 1 1 1 1 1 1 1 1 1 1 1 1 1 1 1 1 1 1 1 1 1 1 1 1 1 1 1 1 1,,,,,,,,,,,,,,
 1 1 1 1 1 1 1 1 1 1 1 1 1 1 1 1 1 1 1 1 1 1 1 1 1 1 1 1 1 1 1 1 1 1 1 1 1,,,,,,,,,,,,,,
 1 1 1 1 1 1 1 1 1 1 1 1 1 1 1 1 1 1 1 1 1 1 1 1 1 1 1 1 1 1 1 1 1 1 1 1 1,,,,,,,,,,,,,,
 1 1 1 1 1 1 1 1 1 1 1 1 1 1 1 1 1 1 1 1 1 1 1 1 1 1 1 1 1 1 1 1 1 1 1 1 1,,,,,,,,,,,,,,
 1 1 1 1 1 1 1 1 1 1 1 1 1 1 1 1 1 1 1 1 1 1 1 1 1 1 1 1 1 1 1 1 1 1 1 1 1,,,,,,,,,,,,,,
 1 1 1 1 1 1 1 1 1 1 1 1 1 1 1 1 1 1 1 1 1 1 1 1 1 1 1 1 1 1 1 1 1 1 1 1 1,,,,,,,,,,,,,,
 1 1 1 1 1 1 1 1 1 1 1 1 1 1 1 1 1 1 1 1 1 1 1 1 1 1 1 1 1 1 1 1 1 1 1 1 1,,,,,,,,,,,,,,
 1 1 1 1 1 1 1 1 1 1 1 1 1 1 1 1 1 1 1 1 1 1 1 1 1 1 1 1 1 1 1 1 1 1 1 1 1,,,,,,,,,,,,,,
 1 1 1 1 1 1 1 1 1 1 1 1 1 1 1 1 1 1 1 1 1 1 1 1 1 1 1 1 1],,,,,,,,,,,,,,
Classifier selection completed,,,,,,,,,,,,,,
F1 Score: 0.6914884228015645,,,,,,,,,,,,,,
Precision: 0.7576916122551483,,,,,,,,,,,,,,
Recall: 0.7826666666666666,,,,,,,,,,,,,,
Accuracy: 0.7826666666666666,,,,,,,,,,,,,,
F1 Score: 0.6914884228015645,,,,,,,,,,,,,,
Precision: 0.7576916122551483,,,,,,,,,,,,,,
Recall: 0.7826666666666666,,,,,,,,,,,,,,
Accuracy: 0.7826666666666666,,,,,,,,,,,,,,
p_name: bank-marketing,,,,,,,,,,,,,,
bank-marketing,,,,,,,,,,,,,,
totalClustersCount: 465  selectedClusterCount: 440,,,,,,,,,,,,,,
Applying PSO on Clusters at:  2025-02-14 20:21:21.936159,,,,,,,,,,,,,,
"2025-02-14 20:21:26,677 - pyswarms.discrete.binary - INFO - Optimize for 100 iters with {'c1': 0.5, 'c2': 0.5, 'w': 0.9, 'k': 5, 'p': 1}",,,,,,,,,,,,,,
"pyswarms.discrete.binary: 100%|??????????????????????????????????????????????????????????????????????????????????????????????????????????????|100/100, best_cost=0.1 ",,,,,,,,,,,,,,
"2025-02-14 20:30:11,225 - pyswarms.discrete.binary - INFO - Optimization finished | best cost: 0.09997788099977878, best pos: [1 0 0 1 0 1 0 0 0 1 1 1 0 1 1 0 1 0 1 1 1 1 0 0 0 1 0 1 0 1 1 1 0 1 0 0 0",,,,,,,,,,,,,,
 1 0 1 1 1 1 0 0 0 0 1 0 1 0 0 0 1 0 0 0 1 0 0 1 1 0 0 1 1 1 1 1 1 1 1 1 0,,,,,,,,,,,,,,
 0 1 1 1 0 1 1 0 0 1 0 0 0 0 1 1 0 0 0 1 0 1 1 1 0 1 1 0 0 0 1 1 1 0 0 0 1,,,,,,,,,,,,,,
 0 1 0 0 1 0 1 0 1 1 0 1 1 1 0 0 0 0 1 1 0 0 0 0 0 1 0 0 0 0 1 0 0 1 1 1 0,,,,,,,,,,,,,,
 0 0 1 0 1 0 1 0 1 0 1 0 0 1 0 1 0 0 0 0 0 0 1 1 1 1 1 0 0 0 0 0 1 0 1 0 1,,,,,,,,,,,,,,
 1 0 1 1 1 0 0 0 1 1 1 0 1 0 0 1 0 0 1 0 0 1 1 1 1 1 1 0 1 1 1 0 1 0 0 1 0,,,,,,,,,,,,,,
 1 0 1 0 0 0 1 0 0 0 1 0 1 1 1 0 1 1 0 0 0 1 0 0 1 0 0 1 0 1 0 1 1 0 1 0 1,,,,,,,,,,,,,,
 0 0 0 0 1 1 1 1 1 1 1 1 1 1 0 0 0 0 1 0 1 0 0 1 1 1 1 0 1 0 0 0 0 1 0 1 1,,,,,,,,,,,,,,
 1 0 0 1 0 0 0 1 0 1 1 1 1 0 1 0 1 1 1 0 1 1 1 1 0 0 1 0 0 1 1 1 0 1 1 1 1,,,,,,,,,,,,,,
 1 1 0 0 0 0 1 1 0 1 0 1 1 0 0 1 1 1 0 1 0 0 1 1 0 1 0 1 0 0 1 1 0 1 1 1 0,,,,,,,,,,,,,,
 0 1 1 1 0 0 0 0 1 1 0 1 1 1 1 1 0 0 0 1 0 1 1 0 1 1 1 1 1 1 1 1 0 0 1 1 1,,,,,,,,,,,,,,
 1 0 1 0 1 0 1 0 0 1 0 0 0 0 0 1 0 1 0 1 1 0 0 1 0 1 1 0 1 1 1 1 0],,,,,,,,,,,,,,
PSO completed at:  2025-02-14 20:30:11.233564,,,,,,,,,,,,,,
Accuracy after Stage 1: 0.8912971359062258,,,,,,,,,,,,,,
Cluster selection completed,,,,,,,,,,,,,,
Something happened in trainClassifiers: The number of samples must be more than the number of classes.,,,,,,,,,,,,,,
Something happened in trainClassifiers: The number of samples must be more than the number of classes.,,,,,,,,,,,,,,
Something happened in trainClassifiers: The number of samples must be more than the number of classes.,,,,,,,,,,,,,,
"2025-02-14 20:31:21,715 - pyswarms.discrete.binary - INFO - Optimize for 100 iters with {'c1': 0.5, 'c2': 0.5, 'w': 0.9, 'k': 5, 'p': 1}",,,,,,,,,,,,,,
"pyswarms.discrete.binary: 100%|????????????????????????????????????????????????????????????????????????????????????????????????????????????|100/100, best_cost=0.118 ",,,,,,,,,,,,,,
"2025-02-14 20:51:38,330 - pyswarms.discrete.binary - INFO - Optimization finished | best cost: 0.11833665118336656, best pos: [1 1 1 ... 1 1 1]",,,,,,,,,,,,,,
Classifier selection completed,,,,,,,,,,,,,,
F1 Score: 0.8544772352818149,,,,,,,,,,,,,,
Precision: 0.8605500251857501,,,,,,,,,,,,,,
Recall: 0.8860997456596262,,,,,,,,,,,,,,
Accuracy: 0.8860997456596262,,,,,,,,,,,,,,
F1 Score: 0.8544772352818149,,,,,,,,,,,,,,
Precision: 0.8605500251857501,,,,,,,,,,,,,,
Recall: 0.8860997456596262,,,,,,,,,,,,,,
Accuracy: 0.8860997456596262,,,,,,,,,,,,,,
